{"cameraMode":{"drawMode":0,"name":"Shaded","section":"Shading Mode"},"sceneLighting":false,"audioPlay":false,"sceneViewState":{"m_AlwaysRefresh":false,"showFog":true,"showSkybox":false,"showFlares":true,"showImageEffects":true,"showParticleSystems":true,"showVisualEffectGraphs":true,"m_FxEnabled":true},"in2DMode":false,"pivot":{"x":6.516720771789551,"y":-2.1052515506744386,"z":0.6100000143051148},"rotation":{"x":-0.10406510531902313,"y":-0.8834644556045532,"z":0.23454947769641877,"w":-0.39199426770210268},"size":0.40788888931274416,"orthographic":false}