{"cameraMode":{"drawMode":0,"name":"Shaded","section":"Shading Mode"},"sceneLighting":true,"audioPlay":false,"sceneViewState":{"m_AlwaysRefresh":false,"showFog":true,"showSkybox":true,"showFlares":true,"showImageEffects":true,"showParticleSystems":true,"showVisualEffectGraphs":true,"m_FxEnabled":true},"in2DMode":false,"pivot":{"x":1.862645149230957e-9,"y":1.541864037513733,"z":-0.21573591232299806},"rotation":{"x":0.08645961433649063,"y":-0.525483250617981,"z":0.05378691479563713,"w":0.8447149991989136},"size":0.6254997849464417,"orthographic":true}