{"cameraMode":{"drawMode":0,"name":"Shaded","section":"Shading Mode"},"sceneLighting":true,"audioPlay":false,"sceneViewState":{"m_AlwaysRefresh":false,"showFog":true,"showSkybox":true,"showFlares":true,"showImageEffects":true,"showParticleSystems":true,"showVisualEffectGraphs":true,"m_FxEnabled":true},"in2DMode":false,"pivot":{"x":0.2748851776123047,"y":0.9514694213867188,"z":1.5336952209472657},"rotation":{"x":-0.18024995923042298,"y":0.052505217492580417,"z":-0.009641394019126892,"w":-0.9821876287460327},"size":7.3205718994140629,"orthographic":false}