{"cameraMode":{"drawMode":0,"name":"Shaded","section":"Shading Mode"},"sceneLighting":true,"audioPlay":false,"sceneViewState":{"m_AlwaysRefresh":false,"showFog":true,"showSkybox":true,"showFlares":true,"showImageEffects":true,"showParticleSystems":true,"showVisualEffectGraphs":true,"m_FxEnabled":true},"in2DMode":false,"pivot":{"x":0.20000004768371583,"y":4.300000190734863,"z":12.945192337036133},"rotation":{"x":-0.09405789524316788,"y":0.07996699213981629,"z":-0.007577082607895136,"w":-0.9923503994941711},"size":3.0546858310699465,"orthographic":true}